{
  "metrics": {
    "precision@5": 0.56,
    "recall@5": 0.09860521612779231,
    "ndcg@5": 0.3405641858715548,
    "coverage@5": 1.0,
    "precision@10": 0.55,
    "recall@10": 0.18468719708842624,
    "ndcg@10": 0.38302645171704314,
    "coverage@10": 1.0,
    "mrr": 0.875
  },
  "latency": {
    "avg_latency_ms": 309.86365012358874,
    "median_latency_ms": 276.6547295032069,
    "p95_latency_ms": 452.94208331033593,
    "p99_latency_ms": 478.03468307480216,
    "min_latency_ms": 246.07820808887482,
    "max_latency_ms": 484.30783301591873
  },
  "cost": {
    "total_requests": 15,
    "total_input_tokens": 34871,
    "avg_tokens_per_request": 2324.733333333333,
    "max_tokens_per_request": 8162,
    "min_tokens_per_request": 4,
    "storage_size_bytes": 1566720,
    "storage_size_mb": 1.494140625
  }
}