{
  "query_count": 11,
  "skipped_query_count": 0,
  "avg_latency_ms": 2.4762119970877063,
  "median_latency_ms": 2.5713329669088125,
  "p95_latency_ms": 3.2225624890998006,
  "p99_latency_ms": 3.5340124974027276,
  "min_latency_ms": 1.657417044043541,
  "max_latency_ms": 3.6118749994784594
}