{
  "metrics": {
    "precision@5": 0.52,
    "recall@5": 0.08062472262365653,
    "ndcg@5": 0.35477321689355656,
    "coverage@5": 0.9,
    "precision@10": 0.5,
    "recall@10": 0.14408742950650014,
    "ndcg@10": 0.3567444958417454,
    "coverage@10": 1.0,
    "mrr": 0.9166666666666666
  },
  "latency": {
    "avg_latency_ms": 398.8213459029794,
    "median_latency_ms": 304.6772499801591,
    "p95_latency_ms": 792.0597938238648,
    "p99_latency_ms": 1014.2219587671572,
    "min_latency_ms": 268.3217499870807,
    "max_latency_ms": 1069.7625000029802
  },
  "cost": {
    "total_requests": 15,
    "total_input_tokens": 34871,
    "avg_tokens_per_request": 2324.733333333333,
    "max_tokens_per_request": 8162,
    "min_tokens_per_request": 4,
    "storage_size_bytes": 3133440,
    "storage_size_mb": 2.98828125
  }
}