{
  "metrics": {
    "precision@5": 0.56,
    "recall@5": 0.09860521612779231,
    "ndcg@5": 0.3407298300798179,
    "coverage@5": 1.0,
    "precision@10": 0.55,
    "recall@10": 0.18468719708842624,
    "ndcg@10": 0.38303288849471456,
    "coverage@10": 1.0,
    "mrr": 0.875
  },
  "latency": {
    "avg_latency_ms": 331.2153749167919,
    "median_latency_ms": 302.06693743821234,
    "p95_latency_ms": 470.1051519368776,
    "p99_latency_ms": 497.3097967565991,
    "min_latency_ms": 258.1799170002341,
    "max_latency_ms": 504.1109579615295
  },
  "cost": {
    "total_requests": 15,
    "total_input_tokens": 34871,
    "avg_tokens_per_request": 2324.733333333333,
    "max_tokens_per_request": 8162,
    "min_tokens_per_request": 4,
    "storage_size_bytes": 1566720,
    "storage_size_mb": 1.494140625
  }
}