{
  "query_count": 10,
  "skipped_query_count": 0,
  "avg_latency_ms": 0.2482125535607338,
  "median_latency_ms": 0.24514587130397558,
  "p95_latency_ms": 0.32677912386134267,
  "p99_latency_ms": 0.32878935569897294,
  "min_latency_ms": 0.13808393850922585,
  "max_latency_ms": 0.3292919136583805
}