{
  "metrics": {
    "precision@5": 0.64,
    "recall@5": 0.12095077597335216,
    "ndcg@5": 0.3784735273999832,
    "coverage@5": 1.0,
    "precision@10": 0.53,
    "recall@10": 0.18094603346124102,
    "ndcg@10": 0.388998495953491,
    "coverage@10": 1.0,
    "mrr": 0.95
  },
  "latency": {
    "avg_latency_ms": 382.9980165930465,
    "median_latency_ms": 393.35318747907877,
    "p95_latency_ms": 449.2395079927519,
    "p99_latency_ms": 454.2024678969756,
    "min_latency_ms": 267.880457919091,
    "max_latency_ms": 455.4432078730315
  },
  "cost": {
    "total_requests": 15,
    "total_input_tokens": 34871,
    "avg_tokens_per_request": 2324.733333333333,
    "max_tokens_per_request": 8162,
    "min_tokens_per_request": 4,
    "storage_size_bytes": 3133440,
    "storage_size_mb": 2.98828125
  }
}