{
  "metrics": {
    "precision@5": 0.66,
    "recall@5": 0.1231729981955744,
    "ndcg@5": 0.3811434164257007,
    "coverage@5": 1.0,
    "precision@10": 0.53,
    "recall@10": 0.18094603346124102,
    "ndcg@10": 0.38934760595883605,
    "coverage@10": 1.0,
    "mrr": 0.95
  },
  "latency": {
    "avg_latency_ms": 394.9597289552912,
    "median_latency_ms": 387.15224992483854,
    "p95_latency_ms": 626.4485312858596,
    "p99_latency_ms": 639.4389062421396,
    "min_latency_ms": 255.07704098708928,
    "max_latency_ms": 642.6864999812096
  },
  "cost": {
    "total_requests": 15,
    "total_input_tokens": 34871,
    "avg_tokens_per_request": 2324.733333333333,
    "max_tokens_per_request": 8162,
    "min_tokens_per_request": 4,
    "storage_size_bytes": 3133440,
    "storage_size_mb": 2.98828125
  }
}